1, 
2, 
3, 
4, 
5, sit
6, sit
7, sit
8, sit
9, sit
10, sit
11, sit
12, sit
13, sit
14, sit
15, sit
16, sit
17, sit
18, sit
19, sit
20, sit
21, sit
22, sit
23, sit
24, sit
25, sit
26, sit
27, sit
28, sit
29, sit
30, sit
31, sit
32, sit
33, sit
34, sit
35, sit
36, sit
37, sit
38, sit
39, sit
40, sit
41, sit
42, sit
43, sit
44, sit
45, sit
46, sit
47, sit
48, sit
49, sit
50, sit
51, sit
52, sit
53, sit
54, sit
55, sit
56, sit
57, sit
58, sit
59, sit
60, sit
61, sit
62, sit
63, sit
64, sit
65, sit
66, sit
67, sit
68, sit
69, sit
70, sit
71, sit
72, sit
73, sit
74, sit
75, sit
76, sit
77, sit
78, sit
79, sit
80, sit
81, sit
82, sit
83, sit
84, sit
85, sit
86, sit
87, sit
88, sit
89, sit
90, sit
91, sit
92, sit
93, sit
94, sit
95, sit
96, sit
97, sit
98, sit
99, sit
100, sit
101, sit
102, sit
103, sit
104, sit
105, sit
106, sit
107, sit
108, sit
109, sit
110, sit
111, sit
112, sit
113, sit
114, sit
115, sit
116, sit
117, sit
118, sit
119, sit
120, sit
121, sit
122, sit
123, sit
124, sit
125, sit
126, sit
127, sit
128, sit
129, sit
130, sit
131, sit
132, sit
133, sit
134, sit
135, sit
136, sit
137, sit
138, sit
139, sit
140, sit
141, sit
142, sit
143, sit
144, sit
145, sit
146, sit
147, sit
148, sit
149, sit
150, sit
151, sit
152, sit
153, sit
154, sit
155, sit
156, sit
157, sit
158, sit
159, sit
160, sit
161, sit
162, sit
163, sit
164, sit
165, sit
166, sit
167, sit
168, sit
169, sit
170, sit
171, sit
172, sit
173, sit
174, sit
175, sit
176, sit
177, sit
178, sit
179, sit
180, sit
181, sit
182, sit
183, sit
184, sit
185, sit
186, sit
187, sit
188, sit
189, walk
190, walk
191, walk
192, walk
193, walk
194, walk
195, walk
196, walk
197, walk
198, walk
199, walk
200, walk
201, walk
202, walk
203, walk
204, walk
205, walk
206, walk
207, walk
208, walk
209, walk
210, walk
211, walk
212, walk
213, walk
214, walk
215, walk
216, walk
217, walk
218, walk
219, walk
220, walk
221, walk
222, walk
223, walk
224, walk
225, walk
226, walk
227, walk
228, walk
229, walk
230, walk
231, walk
232, walk
233, walk
234, walk
235, walk
236, walk
237, walk
238, walk
239, walk
240, walk
241, walk
242, walk
243, walk
244, walk
245, walk
246, walk
247, walk
248, walk
249, walk
250, walk
251, walk
252, walk
253, walk
254, walk
255, walk
256, walk
257, walk
258, walk
259, walk
260, walk
261, walk
262, walk
263, walk
264, walk
265, walk
266, walk
267, walk
268, walk
269, walk
270, walk
271, walk
272, walk
273, walk
274, walk
275, walk
276, walk
277, walk
278, sit
279, sit
280, sit
281, sit
282, sit
283, sit
284, sit
285, sit
286, sit
287, sit
288, sit
289, sit
290, sit
291, sit
292, sit
293, sit
294, sit
295, sit
296, sit
297, sit
298, sit
299, sit
300, stand
301, stand
302, stand
303, stand
304, stand
305, stand
306, stand
307, walk
308, walk
309, walk
310, walk
311, sit
312, sit
313, sit
314, sit
315, sit
316, sit
317, sit
318, sit
319, sit
320, sit
321, sit
322, sit
323, sit
324, sit
325, sit
326, sit
327, sit
328, sit
329, sit
330, sit
331, sit
332, sit
333, sit
334, sit
335, sit
336, sit
337, sit
338, sit
339, sit
340, sit
341, sit
342, sit
343, sit
344, sit
345, sit
346, sit
347, sit
348, sit
349, sit
350, sit
351, sit
352, sit
353, sit
354, sit
355, sit
356, sit
357, sit
358, sit
359, sit
360, sit
361, sit
362, sit
363, sit
364, sit
365, sit
366, sit
367, sit
368, sit
369, sit
370, sit
371, sit
372, sit
373, sit
374, sit
375, sit
376, sit
377, sit
378, sit
379, sit
380, sit
381, sit
382, sit
383, sit
384, sit
385, sit
386, sit
387, sit
388, sit
389, sit
390, sit
391, sit
392, sit
393, sit
394, sit
395, sit
396, sit
397, sit
398, sit
399, sit
400, sit
401, sit
402, sit
403, sit
404, sit
405, sit
406, sit
407, sit
408, sit
409, sit
410, sit
411, sit
412, sit
413, sit
414, sit
415, sit
416, sit
417, sit
418, sit
419, sit
420, sit
421, sit
422, sit
423, sit
424, sit
425, sit
426, sit
427, sit
428, sit
429, sit
430, sit
431, sit
432, sit
433, sit
434, sit
435, sit
436, sit
437, sit
438, sit
439, sit
440, sit
441, sit
442, sit
443, sit
444, sit
445, sit
446, sit
447, sit
448, sit
449, sit
450, sit
451, sit
452, sit
453, sit
454, sit
455, sit
456, sit
457, sit
458, sit
459, sit
460, sit
461, sit
462, sit
463, sit
464, sit
465, sit
466, sit
467, sit
468, sit
469, sit
470, sit
471, sit
472, sit
473, sit
474, sit
475, sit
476, sit
477, sit
478, sit
479, sit
480, sit
481, sit
482, sit
483, sit
484, sit
485, sit
486, sit
487, sit
488, sit
489, sit
490, sit
491, sit
492, sit
493, sit
494, sit
495, sit
496, sit
497, sit
498, sit
499, sit
500, sit
501, sit
502, sit
503, sit
504, sit
505, sit
506, sit
507, sit
508, sit
509, sit
510, sit
511, sit
512, sit
513, sit
514, sit
515, sit
516, sit
517, sit
518, sit
519, sit
520, sit
521, sit
522, sit
523, sit
524, sit
525, sit
526, sit
527, sit
528, sit
529, sit
530, sit
531, sit
532, sit
533, sit
534, sit
535, sit
536, sit
537, sit
538, sit
539, sit
540, sit
541, sit
542, sit
543, sit
544, sit
545, sit
546, sit
547, sit
548, sit
549, sit
550, sit
551, sit
552, sit
553, sit
554, sit
555, sit
556, sit
557, sit
558, sit
559, sit
560, sit
561, sit
562, sit
563, sit
564, sit
565, sit
566, sit
567, sit
568, sit
569, sit
570, sit
571, sit
572, sit
573, sit
574, sit
575, sit
576, sit
577, sit
578, sit
579, sit
580, sit
581, sit
582, sit
583, sit
584, sit
585, sit
586, sit
587, sit
588, sit
589, sit
590, sit
591, sit
592, sit
593, sit
594, sit
595, sit
596, sit
597, sit
598, sit
599, sit
600, sit
601, sit
602, sit
603, sit
604, sit
605, sit
606, sit
607, sit
608, sit
609, sit
610, sit
611, sit
612, sit
613, sit
614, sit
615, sit
616, sit
617, sit
618, sit
619, sit
620, sit
621, sit
622, sit
623, sit
624, sit
625, sit
626, sit
627, sit
628, sit
629, sit
630, sit
631, sit
632, sit
633, sit
634, sit
635, sit
636, sit
637, sit
638, sit
639, sit
640, sit
641, sit
642, sit
643, sit
644, sit
645, sit
646, sit
647, sit
648, sit
649, sit
650, sit
651, sit
652, sit
653, sit
654, sit
655, sit
656, sit
657, sit
658, sit
659, sit
660, sit
661, sit
662, sit
663, sit
664, sit
665, sit
666, sit
667, sit
668, sit
669, sit
670, sit
671, sit
672, sit
673, sit
674, sit
675, sit
676, sit
677, sit
678, sit
679, sit
680, sit
681, sit
682, sit
683, sit
684, sit
685, sit
686, sit
687, sit
688, sit
689, sit
690, sit
691, sit
692, sit
693, sit
694, sit
695, sit
696, sit
697, sit
698, sit
699, sit
700, sit
701, sit
702, sit
703, sit
704, sit
705, sit
706, sit
707, sit
708, sit
709, sit
710, sit
711, sit
712, sit
713, sit
714, sit
715, sit
716, sit
717, sit
718, sit
719, sit
720, sit
721, sit
722, sit
723, sit
724, sit
725, sit
726, sit
727, sit
728, sit
729, sit
730, sit
731, sit
732, sit
733, sit
734, sit
735, sit
736, sit
737, sit
738, sit
739, sit
740, sit
741, sit
742, sit
743, sit
744, sit
745, sit
746, sit
747, sit
748, sit
749, sit
750, sit
751, sit
752, sit
753, sit
754, sit
755, sit
756, sit
757, sit
758, sit
759, sit
760, sit
761, sit
762, sit
763, sit
764, sit
765, sit
766, sit
767, sit
768, sit
769, sit
770, sit
771, sit
772, sit
773, sit
774, sit
775, sit
776, sit
777, sit
778, sit
779, sit
780, sit
781, sit
782, sit
783, sit
784, sit
785, sit
786, sit
787, sit
788, sit
789, sit
790, sit
791, sit
792, sit
793, sit
794, sit
795, sit
796, sit
797, sit
798, sit
799, sit
800, sit
801, sit
802, sit
803, sit
804, sit
805, sit
806, sit
807, sit
808, sit
809, sit
810, sit
811, sit
812, sit
813, sit
814, sit
815, sit
816, sit
817, sit
818, sit
819, sit
820, sit
821, sit
822, sit
823, sit
824, sit
825, sit
826, sit
827, sit
828, sit
829, sit
830, sit
831, sit
832, sit
833, sit
834, sit
835, sit
836, sit
837, sit
838, sit
839, sit
840, sit
841, sit
842, sit
843, sit
844, sit
845, sit
846, sit
847, sit
848, sit
849, sit
850, sit
851, sit
852, sit
853, sit
854, sit
855, sit
856, sit
857, sit
858, sit
859, sit
860, sit
861, sit
862, sit
863, sit
864, sit
865, sit
866, sit
867, sit
868, sit
869, sit
870, sit
871, sit
872, sit
873, sit
874, sit
875, sit
876, sit
877, sit
878, sit
879, sit
880, sit
881, sit
882, sit
883, sit
884, sit
885, sit
886, sit
887, sit
888, sit
889, sit
890, sit
891, sit
892, sit
893, sit
894, sit
895, sit
896, sit
897, sit
898, sit
899, sit
900, sit
901, sit
902, sit
903, sit
904, sit
905, sit
906, sit
907, sit
908, sit
909, sit
910, sit
911, sit
912, sit
913, sit
914, sit
915, sit
916, sit
917, sit
918, sit
919, sit
920, sit
921, sit
922, sit
923, sit
924, sit
925, sit
926, sit
927, sit
928, sit
929, sit
930, sit
931, sit
932, sit
933, sit
934, sit
935, sit
936, sit
937, sit
938, sit
939, sit
940, sit
941, sit
942, sit
943, sit
944, sit
945, sit
946, sit
947, sit
948, sit
949, sit
950, sit
951, sit
952, sit
953, sit
954, sit
955, sit
956, sit
957, sit
958, sit
959, sit
960, sit
961, sit
962, sit
963, sit
964, sit
965, sit
966, sit
967, sit
968, sit
969, sit
970, sit
971, sit
972, sit
973, sit
974, sit
975, sit
976, sit
977, sit
978, sit
979, sit
980, sit
981, sit
982, sit
983, sit
984, sit
985, sit
986, sit
987, sit
988, sit
989, sit
990, sit
991, sit
992, sit
993, sit
994, sit
995, sit
996, sit
997, sit
998, sit
999, sit
1000, sit
1001, sit
1002, sit
1003, sit
1004, sit
1005, sit
1006, sit
1007, sit
1008, sit
1009, sit
1010, sit
1011, sit
1012, sit
1013, sit
1014, sit
1015, sit
1016, sit
1017, sit
1018, sit
1019, sit
1020, sit
1021, sit
1022, sit
1023, sit
1024, sit
1025, sit
1026, sit
1027, sit
1028, sit
1029, sit
1030, sit
1031, sit
1032, sit
1033, sit
1034, sit
1035, sit
1036, sit
1037, sit
1038, sit
1039, sit
1040, sit
1041, sit
1042, sit
1043, sit
1044, sit
1045, sit
1046, sit
1047, sit
1048, sit
1049, sit
1050, sit
1051, sit
1052, sit
1053, sit
1054, sit
1055, sit
1056, sit
1057, sit
1058, sit
1059, sit
1060, sit
1061, sit
1062, sit
1063, sit
1064, sit
1065, sit
1066, sit
1067, sit
1068, sit
1069, sit
1070, sit
1071, sit
1072, sit
1073, sit
1074, sit
1075, sit
1076, sit
1077, sit
1078, sit
1079, sit
1080, sit
1081, sit
1082, sit
1083, sit
1084, sit
1085, sit
1086, sit
1087, sit
1088, sit
1089, sit
1090, sit
1091, sit
1092, sit
1093, sit
1094, sit
1095, sit
1096, sit
1097, sit
1098, sit
1099, sit
1100, sit
1101, sit
1102, sit
1103, sit
1104, sit
1105, sit
1106, sit
1107, sit
1108, sit
1109, sit
1110, sit
1111, sit
1112, sit
1113, sit
1114, sit
1115, sit
1116, sit
1117, sit
1118, sit
1119, sit
1120, sit
1121, sit
1122, sit
1123, sit
1124, sit
1125, sit
1126, sit
1127, sit
1128, sit
1129, sit
1130, sit
1131, sit
1132, sit
1133, sit
1134, sit
1135, sit
1136, sit
1137, sit
1138, sit
1139, sit
1140, sit
1141, sit
1142, sit
1143, sit
1144, sit
1145, sit
1146, sit
1147, sit
1148, sit
1149, sit
1150, sit
1151, sit
1152, sit
1153, sit
1154, sit
1155, sit
1156, sit
1157, sit
1158, sit
1159, sit
1160, sit
1161, sit
1162, sit
1163, sit
1164, sit
1165, sit
1166, sit
1167, sit
1168, sit
1169, sit
1170, sit
1171, sit
1172, sit
1173, sit
1174, sit
1175, sit
1176, sit
1177, sit
1178, sit
1179, sit
1180, sit
1181, sit
1182, sit
1183, sit
1184, sit
1185, sit
1186, sit
1187, sit
1188, sit
1189, sit
1190, sit
1191, sit
1192, sit
1193, sit
1194, sit
1195, sit
1196, sit
1197, sit
1198, sit
1199, sit
1200, sit
1201, sit
1202, sit
1203, sit
1204, sit
1205, sit
1206, sit
1207, sit
1208, sit
1209, sit
1210, sit
1211, sit
1212, sit
1213, sit
1214, sit
1215, sit
1216, sit
1217, sit
1218, sit
1219, sit
1220, sit
1221, sit
1222, sit
1223, sit
1224, sit
1225, sit
1226, sit
1227, sit
1228, sit
1229, sit
1230, sit
1231, sit
1232, sit
1233, sit
1234, sit
1235, sit
1236, sit
1237, sit
1238, sit
1239, sit
1240, sit
1241, sit
1242, sit
1243, sit
1244, sit
1245, sit
1246, sit
1247, sit
1248, sit
1249, sit
1250, sit
1251, sit
1252, sit
1253, sit
1254, sit
1255, sit
1256, sit
1257, sit
1258, sit
1259, sit
1260, sit
1261, sit
1262, sit
1263, sit
1264, sit
1265, sit
1266, sit
1267, sit
1268, sit
1269, sit
1270, sit
1271, sit
1272, sit
1273, sit
1274, sit
1275, sit
1276, sit
1277, sit
1278, sit
1279, sit
1280, sit
1281, sit
1282, sit
1283, sit
1284, sit
1285, sit
1286, sit
1287, sit
1288, sit
1289, sit
1290, sit
1291, sit
1292, sit
1293, sit
1294, sit
1295, sit
1296, sit
1297, sit
1298, sit
1299, sit
1300, sit
1301, sit
1302, sit
1303, sit
1304, sit
1305, sit
1306, sit
1307, sit
1308, sit
1309, sit
1310, sit
1311, sit
1312, sit
1313, sit
1314, sit
1315, sit
1316, sit
1317, sit
1318, sit
1319, sit
1320, sit
1321, sit
1322, sit
1323, sit
1324, sit
1325, sit
1326, sit
1327, sit
1328, sit
1329, sit
1330, sit
1331, sit
1332, sit
1333, sit
1334, sit
1335, sit
1336, sit
1337, sit
1338, sit
1339, sit
1340, sit
1341, sit
1342, sit
1343, sit
1344, sit
1345, sit
1346, sit
1347, sit
1348, sit
1349, sit
1350, sit
1351, sit
1352, sit
1353, sit
1354, sit
1355, sit
1356, sit
1357, sit
1358, sit
1359, sit
1360, sit
1361, sit
1362, sit
1363, sit
1364, sit
1365, sit
1366, sit
1367, sit
1368, sit
1369, sit
1370, sit
1371, sit
1372, sit
1373, sit
1374, sit
1375, sit
1376, sit
1377, sit
1378, sit
1379, sit
1380, sit
1381, sit
1382, sit
1383, sit
1384, sit
1385, sit
1386, sit
1387, sit
1388, sit
1389, sit
1390, sit
1391, sit
1392, sit
1393, sit
1394, sit
1395, sit
1396, sit
1397, sit
1398, sit
1399, sit
1400, sit
1401, sit
1402, sit
1403, sit
1404, sit
1405, sit
1406, sit
1407, sit
1408, sit
1409, sit
1410, sit
1411, sit
1412, sit
1413, sit
1414, sit
1415, sit
1416, sit
1417, sit
1418, sit
1419, sit
1420, sit
1421, sit
1422, sit
1423, sit
1424, sit
1425, sit
1426, sit
1427, sit
1428, sit
1429, sit
1430, sit
1431, sit
1432, sit
1433, sit
1434, sit
1435, sit
1436, sit
1437, sit
1438, sit
1439, sit
1440, sit
1441, sit
1442, sit
1443, sit
1444, sit
1445, sit
1446, sit
1447, sit
1448, sit
1449, sit
1450, sit
1451, sit
1452, sit
1453, sit
1454, sit
1455, sit
1456, sit
1457, sit
1458, sit
1459, sit
1460, sit
1461, sit
1462, sit
1463, sit
1464, sit
1465, sit
1466, sit
1467, sit
1468, sit
1469, sit
1470, sit
1471, sit
1472, sit
1473, sit
1474, sit
1475, sit
1476, sit
1477, sit
1478, sit
1479, sit
1480, sit
1481, sit
1482, sit
1483, sit
1484, sit
1485, sit
1486, sit
1487, sit
1488, sit
1489, sit
1490, sit
1491, sit
1492, sit
1493, sit
1494, sit
1495, sit
1496, sit
1497, sit
1498, sit
1499, sit
1500, sit
1501, sit
1502, sit
1503, sit
1504, sit
1505, sit
1506, sit
1507, sit
1508, sit
1509, sit
1510, sit
1511, sit
1512, sit
1513, sit
1514, sit
1515, sit
1516, sit
1517, sit
1518, sit
1519, sit
1520, sit
1521, sit
1522, sit
1523, sit
1524, sit
1525, sit
1526, sit
1527, sit
1528, sit
1529, sit
1530, sit
1531, sit
1532, sit
1533, sit
1534, sit
1535, sit
1536, sit
1537, sit
1538, sit
1539, sit
1540, sit
1541, sit
1542, sit
1543, sit
1544, sit
1545, sit
1546, sit
1547, sit
1548, sit
1549, sit
1550, sit
1551, sit
1552, sit
1553, sit
1554, sit
1555, sit
1556, sit
1557, sit
1558, sit
1559, sit
1560, sit
1561, sit
1562, sit
1563, sit
1564, sit
1565, sit
1566, sit
1567, sit
1568, sit
1569, sit
1570, sit
1571, sit
1572, sit
1573, sit
1574, sit
1575, sit
1576, sit
1577, sit
1578, sit
1579, sit
1580, sit
1581, sit
1582, sit
1583, sit
1584, sit
1585, sit
1586, sit
1587, sit
1588, sit
1589, sit
1590, sit
1591, sit
1592, sit
1593, sit
1594, sit
1595, sit
1596, sit
1597, sit
1598, sit
1599, sit
1600, sit
1601, sit
1602, sit
1603, sit
1604, sit
1605, sit
1606, sit
1607, sit
1608, sit
1609, sit
1610, sit
1611, sit
1612, sit
1613, sit
1614, sit
1615, sit
1616, sit
1617, sit
1618, sit
1619, sit
1620, sit
1621, sit
1622, sit
1623, sit
1624, sit
1625, sit
1626, sit
1627, sit
1628, sit
1629, sit
1630, sit
1631, sit
1632, sit
1633, sit
1634, sit
1635, sit
1636, sit
1637, sit
1638, sit
1639, sit
1640, sit
1641, sit
1642, sit
1643, sit
1644, sit
1645, sit
1646, sit
1647, sit
1648, sit
1649, sit
1650, sit
1651, sit
1652, sit
1653, sit
1654, sit
1655, sit
1656, sit
1657, sit
1658, sit
1659, sit
1660, sit
1661, sit
1662, sit
1663, sit
1664, sit
1665, sit
1666, sit
1667, sit
1668, sit
1669, sit
1670, sit
1671, sit
1672, sit
1673, sit
1674, sit
1675, sit
1676, sit
1677, sit
1678, sit
1679, sit
1680, sit
1681, sit
1682, sit
1683, sit
1684, sit
1685, sit
1686, sit
1687, sit
1688, sit
1689, sit
1690, sit
1691, sit
1692, sit
1693, sit
1694, sit
1695, sit
1696, sit
1697, sit
1698, sit
1699, sit
1700, sit
1701, sit
1702, sit
1703, sit
1704, sit
1705, sit
1706, sit
1707, sit
1708, sit
1709, sit
1710, sit
1711, sit
1712, sit
1713, sit
1714, sit
1715, sit
1716, sit
1717, sit
1718, sit
1719, sit
1720, sit
1721, sit
1722, sit
1723, sit
1724, sit
1725, sit
1726, sit
1727, sit
1728, sit
1729, sit
1730, sit
1731, sit
1732, sit
1733, sit
1734, sit
1735, sit
1736, sit
1737, sit
1738, sit
1739, sit
1740, sit
1741, sit
1742, sit
1743, sit
1744, sit
1745, sit
1746, sit
1747, sit
1748, sit
1749, sit
1750, sit
1751, sit
1752, sit
1753, sit
1754, sit
1755, sit
1756, sit
1757, sit
1758, sit
1759, sit
1760, sit
1761, sit
1762, sit
1763, sit
1764, sit
1765, sit
1766, sit
1767, sit
1768, sit
1769, sit
1770, sit
1771, sit
1772, sit
1773, sit
1774, sit
1775, sit
1776, sit
1777, sit
1778, sit
1779, sit
1780, sit
1781, sit
1782, sit
1783, sit
1784, sit
1785, sit
1786, sit
1787, sit
1788, sit
1789, sit
1790, sit
1791, sit
1792, sit
1793, sit
1794, sit
1795, sit
1796, sit
1797, sit
1798, sit
1799, sit
1800, sit
1801, sit
1802, sit
1803, sit
1804, sit
1805, sit
1806, sit
1807, sit
1808, sit
1809, sit
1810, sit
1811, sit
1812, sit
1813, sit
1814, sit
1815, sit
1816, sit
1817, sit
1818, sit
1819, sit
1820, sit
1821, sit
1822, sit
1823, sit
1824, sit
1825, sit
1826, sit
1827, sit
1828, sit
1829, sit
1830, sit
1831, sit
1832, sit
1833, sit
1834, sit
1835, sit
1836, sit
1837, sit
1838, sit
1839, sit
1840, sit
1841, sit
1842, sit
1843, sit
1844, sit
1845, sit
1846, sit
1847, sit
1848, sit
1849, sit
1850, sit
1851, sit
1852, sit
1853, sit
1854, sit
1855, sit
1856, sit
1857, sit
1858, sit
1859, sit
1860, sit
1861, sit
1862, sit
1863, sit
1864, sit
1865, sit
1866, sit
1867, sit
1868, sit
1869, sit
1870, sit
1871, sit
1872, sit
1873, sit
1874, sit
1875, sit
1876, sit
1877, sit
1878, sit
1879, sit
1880, sit
1881, sit
1882, sit
1883, sit
1884, sit
1885, sit
1886, sit
1887, sit
1888, sit
1889, sit
1890, sit
1891, sit
1892, sit
1893, sit
1894, sit
1895, sit
1896, sit
1897, sit
1898, sit
1899, sit
1900, sit
1901, sit
1902, sit
1903, sit
1904, sit
1905, sit
1906, sit
1907, sit
1908, sit
1909, sit
1910, sit
1911, sit
1912, sit
1913, sit
1914, sit
1915, sit
1916, sit
1917, sit
1918, sit
1919, sit
1920, sit
1921, sit
1922, sit
1923, sit
1924, sit
1925, sit
1926, sit
1927, sit
1928, sit
1929, sit
1930, sit
1931, sit
1932, sit
1933, sit
1934, sit
1935, sit
1936, sit
1937, sit
1938, sit
1939, sit
1940, sit
1941, sit
1942, sit
1943, sit
1944, sit
1945, sit
1946, sit
1947, sit
1948, sit
1949, sit
1950, sit
1951, sit
1952, sit
1953, sit
1954, sit
1955, sit
1956, sit
1957, sit
1958, sit
1959, sit
1960, sit
1961, sit
1962, sit
1963, sit
1964, sit
1965, sit
1966, sit
1967, sit
1968, sit
1969, sit
1970, sit
1971, sit
1972, sit
1973, sit
1974, sit
1975, sit
1976, sit
1977, sit
1978, sit
1979, sit
1980, sit
1981, sit
1982, sit
1983, sit
1984, sit
1985, sit
1986, sit
1987, sit
1988, walk
1989, walk
1990, sit
1991, sit
1992, sit
1993, walk
1994, walk
1995, walk
1996, walk
1997, walk
1998, walk
1999, walk
2000, walk
2001, walk
2002, walk
2003, walk
2004, walk
2005, walk
2006, walk
2007, walk
2008, walk
2009, walk
2010, walk
2011, walk
2012, walk
2013, walk
2014, walk
2015, walk
2016, walk
2017, walk
2018, walk
2019, walk
2020, walk
2021, walk
2022, walk
2023, walk
2024, walk
2025, walk
2026, walk
2027, walk
2028, walk
2029, walk
2030, walk
2031, walk
2032, walk
2033, walk
2034, walk
2035, walk
2036, walk
2037, walk
2038, walk
2039, walk
2040, walk
2041, walk
2042, walk
2043, walk
2044, walk
2045, walk
2046, walk
2047, walk
2048, walk
2049, walk
2050, walk
2051, walk
2052, walk
2053, walk
2054, walk
2055, walk
2056, walk
2057, walk
2058, walk
2059, walk
2060, walk
2061, walk
2062, walk
2063, walk
2064, walk
2065, walk
2066, walk
2067, walk
2068, walk
2069, walk
2070, walk
2071, walk
2072, walk
2073, walk
2074, walk
2075, walk
2076, walk
2077, walk
2078, walk
2079, walk
2080, walk
2081, walk
2082, walk
2083, walk
2084, walk
2085, walk
2086, walk
2087, walk
2088, walk
2089, walk
2090, walk
2091, walk
2092, walk
2093, walk
2094, walk
2095, walk
2096, walk
2097, walk
2098, walk
2099, walk
2100, walk
2101, walk
2102, walk
2103, walk
2104, walk
2105, walk
2106, walk
2107, walk
2108, walk
2109, walk
2110, walk
2111, walk
2112, walk
2113, walk
2114, walk
2115, walk
2116, walk
2117, walk
2118, walk
2119, walk
2120, walk
2121, walk
2122, walk
2123, walk
2124, walk
2125, walk
2126, walk
2127, walk
2128, walk
2129, walk
2130, walk
2131, walk
2132, walk
2133, walk
2134, walk
2135, walk
2136, walk
2137, walk
2138, walk
2139, walk
2140, walk
2141, walk
2142, walk
2143, walk
2144, walk
2145, walk
2146, walk
2147, walk
2148, walk
2149, walk
2150, walk
2151, walk
2152, walk
2153, walk
2154, walk
2155, walk
2156, walk
2157, walk
2158, walk
2159, walk
2160, walk
2161, walk
2162, walk
2163, walk
2164, walk
2165, walk
2166, walk
2167, walk
2168, walk
2169, walk
2170, walk
2171, walk
2172, walk
2173, walk
2174, walk
2175, walk
2176, walk
2177, walk
2178, walk
2179, walk
2180, walk
2181, walk
2182, walk
2183, walk
2184, walk
2185, walk
2186, walk
2187, walk
2188, walk
2189, walk
2190, walk
2191, walk
2192, walk
2193, walk
2194, walk
2195, walk
2196, walk
2197, walk
2198, walk
2199, walk
2200, walk
2201, walk
2202, walk
2203, walk
2204, walk
2205, walk
2206, walk
2207, walk
2208, walk
2209, walk
2210, walk
2211, walk
2212, walk
2213, walk
2214, walk
2215, walk
2216, walk
2217, sit
2218, sit
2219, sit
2220, sit
2221, sit
2222, sit
2223, sit
2224, sit
2225, sit
2226, sit
2227, sit
2228, sit
2229, sit
2230, sit
2231, sit
2232, sit
2233, sit
2234, sit
2235, sit
2236, sit
2237, sit
2238, sit
2239, sit
2240, sit
2241, sit
2242, sit
2243, sit
2244, sit
2245, sit
2246, sit
2247, sit
2248, sit
2249, sit
2250, sit
2251, sit
2252, sit
2253, sit
2254, sit
2255, sit
2256, sit
2257, sit
2258, sit
2259, sit
2260, sit
2261, sit
2262, sit
2263, sit
2264, sit
2265, sit
2266, sit
2267, sit
2268, sit
2269, sit
2270, sit
2271, sit
2272, sit
2273, sit
2274, sit
2275, sit
2276, sit
2277, sit
2278, sit
2279, sit
2280, sit
2281, sit
2282, sit
2283, sit
2284, sit
2285, 
2286, sit
2287, sit
2288, sit
2289, sit
2290, sit
2291, sit
2292, sit
2293, sit
2294, sit
2295, sit
2296, sit
2297, sit
2298, sit
2299, sit
2300, sit
2301, sit
2302, sit
2303, sit
2304, sit
2305, sit
2306, sit
2307, sit
2308, sit
2309, sit
2310, sit
2311, sit
2312, sit
2313, sit
2314, sit
2315, sit
2316, sit
2317, sit
2318, sit
2319, sit
2320, sit
2321, sit
2322, sit
2323, sit
2324, sit
2325, sit
2326, sit
2327, sit
2328, sit
2329, sit
2330, sit
2331, sit
2332, sit
2333, sit
2334, sit
2335, sit
2336, sit
2337, sit
2338, sit
2339, sit
2340, sit
2341, sit
2342, sit
2343, sit
2344, sit
2345, sit
2346, sit
2347, sit
2348, sit
2349, sit
2350, sit
2351, sit
2352, sit
2353, sit
2354, sit
2355, sit
2356, sit
2357, sit
2358, sit
2359, sit
2360, sit
2361, sit
2362, sit
2363, sit
2364, sit
2365, sit
2366, sit
2367, sit
2368, sit
2369, sit
2370, sit
2371, sit
2372, sit
2373, sit
2374, sit
2375, sit
2376, sit
2377, sit
2378, sit
2379, sit
2380, sit
2381, sit
2382, sit
2383, sit
2384, walk
2385, walk
2386, walk
2387, walk
2388, walk
2389, walk
2390, walk
2391, walk
2392, walk
2393, walk
2394, walk
2395, walk
2396, walk
2397, walk
2398, walk
2399, walk
2400, walk
2401, walk
2402, walk
2403, walk
2404, walk
2405, walk
2406, walk
2407, walk
2408, walk
2409, walk
2410, walk
2411, walk
2412, walk
2413, walk
2414, walk
2415, walk
2416, walk
2417, walk
2418, walk
2419, walk
2420, walk
2421, walk
2422, walk
2423, walk
2424, walk
2425, walk
2426, walk
2427, walk
2428, walk
2429, walk
2430, walk
2431, walk
2432, walk
2433, walk
2434, walk
2435, walk
2436, walk
2437, walk
2438, walk
2439, walk
2440, walk
2441, walk
2442, walk
2443, walk
2444, walk
2445, walk
2446, walk
2447, walk
2448, walk
2449, walk
2450, walk
2451, walk
2452, walk
2453, walk
2454, walk
2455, walk
2456, walk
2457, walk
2458, walk
2459, walk
2460, walk
2461, walk
2462, walk
2463, walk
2464, walk
2465, walk
2466, walk
2467, walk
2468, walk
2469, walk
2470, walk
2471, walk
2472, walk
2473, walk
2474, walk
2475, walk
2476, walk
2477, sit
2478, walk
2479, walk
2480, walk
2481, sit
2482, walk
2483, walk
2484, walk
2485, walk
2486, walk
2487, walk
2488, walk
2489, walk
2490, walk
2491, walk
2492, walk
2493, walk
2494, walk
2495, walk
2496, walk
2497, walk
2498, walk
2499, walk
2500, walk
2501, walk
2502, walk
2503, walk
2504, walk
2505, walk
2506, walk
2507, walk
2508, walk
2509, walk
2510, walk
2511, walk
2512, walk
2513, walk
2514, walk
2515, walk
2516, walk
2517, walk
2518, walk
2519, walk
2520, walk
2521, walk
2522, walk
2523, walk
2524, walk
2525, walk
2526, walk
2527, walk
2528, walk
2529, walk
2530, walk
2531, walk
2532, walk
2533, walk
2534, walk
2535, walk
2536, walk
2537, walk
2538, walk
2539, walk
2540, sit
2541, sit
2542, sit
2543, sit
2544, sit
2545, sit
2546, sit
2547, sit
2548, sit
2549, sit
2550, sit
2551, sit
2552, sit
2553, sit
2554, sit
2555, sit
2556, sit
2557, sit
2558, sit
2559, sit
2560, sit
2561, sit
2562, sit
2563, sit
2564, sit
2565, sit
2566, sit
2567, sit
2568, sit
2569, sit
2570, sit
2571, sit
2572, sit
2573, sit
2574, sit
2575, sit
2576, sit
2577, sit
2578, sit
2579, sit
2580, sit
2581, sit
2582, sit
2583, sit
2584, sit
2585, sit
2586, sit
2587, walk
2588, sit
2589, sit
2590, sit
2591, sit
2592, sit
2593, sit
2594, sit
2595, sit
2596, sit
2597, sit
2598, sit
2599, sit
2600, sit
2601, sit
2602, sit
2603, sit
2604, sit
2605, sit
2606, sit
2607, sit
2608, sit
2609, sit
2610, sit
2611, sit
2612, sit
2613, sit
2614, sit
2615, sit
2616, sit
2617, sit
2618, sit
2619, sit
2620, sit
2621, sit
2622, sit
2623, sit
2624, sit
2625, sit
2626, sit
2627, sit
2628, sit
2629, sit
2630, sit
2631, sit
2632, sit
